{"task":"transcribe","language":"english","duration":66.0,"text":"Today, Apple is proud to report $111.2 billion in revenue, up 17 percent from a year ago, and a March quarter record which was above the high end of our guidance range despite supply constraints. Customer enthusiasm for iPhone has been extraordinary, with revenue growing 22 percent year over year to achieve a March quarter record. Services reached an all-time revenue record, growing 16 percent from a year ago, while EPS set a March quarter record of $2.01, up 22 percent year over year. We set March quarter revenue records and grew double digits in every geographic segment, including strong double digit growth in Greater China and the rest of Asia Pacific. We also achieved March quarter revenue records in both developed and emerging markets and saw double digit growth in nearly every emerging market we track, including India. We recently marked Apple's 50th anniversary with celebrations in our retail","segments":[{"id":0,"seek":0,"start":0.0,"end":8.9399995803833,"text":" Today, Apple is proud to report $111.2 billion in revenue, up 17 percent from a year ago,","tokens":[50364,2692,11,6373,307,4570,281,2275,1848,5348,16,13,17,5218,294,9324,11,493,3282,3043,490,257,1064,2057,11,50811],"temperature":0.0,"avg_logprob":-0.2165805548429489,"compression_ratio":1.5304347276687622,"no_speech_prob":0.0000983386707957834},{"id":1,"seek":0,"start":8.9399995803833,"end":13.619999885559082,"text":" and a March quarter record which was above the high end of our guidance range despite","tokens":[50811,293,257,6129,6555,2136,597,390,3673,264,1090,917,295,527,10056,3613,7228,51045],"temperature":0.0,"avg_logprob":-0.2165805548429489,"compression_ratio":1.5304347276687622,"no_speech_prob":0.0000983386707957834},{"id":2,"seek":0,"start":13.619999885559082,"end":19.68000030517578,"text":" supply constraints. Customer enthusiasm for iPhone has been extraordinary, with revenue","tokens":[51045,5847,18491,13,37168,23417,337,7252,575,668,10581,11,365,9324,51348],"temperature":0.0,"avg_logprob":-0.2165805548429489,"compression_ratio":1.5304347276687622,"no_speech_prob":0.0000983386707957834},{"id":3,"seek":0,"start":19.68000030517578,"end":26.219999313354492,"text":" growing 22 percent year over year to achieve a March quarter record. Services reached an","tokens":[51348,4194,5853,3043,1064,670,1064,281,4584,257,6129,6555,2136,13,12124,6488,364,51675],"temperature":0.0,"avg_logprob":-0.2165805548429489,"compression_ratio":1.5304347276687622,"no_speech_prob":0.0000983386707957834},{"id":4,"seek":2622,"start":26.219999313354492,"end":32.540000915527344,"text":" all-time revenue record, growing 16 percent from a year ago, while EPS set a March quarter","tokens":[50364,439,12,3766,9324,2136,11,4194,3165,3043,490,257,1064,2057,11,1339,462,6273,992,257,6129,6555,50680],"temperature":0.0,"avg_logprob":-0.23216712474822998,"compression_ratio":1.6903765201568604,"no_speech_prob":0.028431223705410957},{"id":5,"seek":2622,"start":32.540000915527344,"end":38.86000061035156,"text":" record of $2.01, up 22 percent year over year.","tokens":[50680,2136,295,1848,17,13,10607,11,493,5853,3043,1064,670,1064,13,50996],"temperature":0.0,"avg_logprob":-0.23216712474822998,"compression_ratio":1.6903765201568604,"no_speech_prob":0.028431223705410957},{"id":6,"seek":2622,"start":38.86000061035156,"end":44.81999969482422,"text":" We set March quarter revenue records and grew double digits in every geographic segment,","tokens":[50996,492,992,6129,6555,9324,7724,293,6109,3834,27011,294,633,32318,9469,11,51294],"temperature":0.0,"avg_logprob":-0.23216712474822998,"compression_ratio":1.6903765201568604,"no_speech_prob":0.028431223705410957},{"id":7,"seek":2622,"start":44.81999969482422,"end":50.41999816894531,"text":" including strong double digit growth in Greater China and the rest of Asia Pacific. We also","tokens":[51294,3009,2068,3834,14293,4599,294,38410,3533,293,264,1472,295,10038,13335,13,492,611,51574],"temperature":0.0,"avg_logprob":-0.23216712474822998,"compression_ratio":1.6903765201568604,"no_speech_prob":0.028431223705410957},{"id":8,"seek":2622,"start":50.41999816894531,"end":55.040000915527344,"text":" achieved March quarter revenue records in both developed and emerging markets and saw","tokens":[51574,11042,6129,6555,9324,7724,294,1293,4743,293,14989,8383,293,1866,51805],"temperature":0.0,"avg_logprob":-0.23216712474822998,"compression_ratio":1.6903765201568604,"no_speech_prob":0.028431223705410957},{"id":9,"seek":5504,"start":55.119998931884766,"end":61.720001220703125,"text":" double digit growth in nearly every emerging market we track, including India.","tokens":[50368,3834,14293,4599,294,6217,633,14989,2142,321,2837,11,3009,5282,13,50698],"temperature":0.0,"avg_logprob":-0.32497552037239075,"compression_ratio":1.2222222089767456,"no_speech_prob":0.2907097041606903},{"id":10,"seek":5504,"start":61.720001220703125,"end":65.91999816894531,"text":" We recently marked Apple's 50th anniversary with celebrations in our retail","tokens":[50698,492,3938,12658,6373,311,2625,392,12962,365,38504,294,527,10800,50908],"temperature":0.0,"avg_logprob":-0.32497552037239075,"compression_ratio":1.2222222089767456,"no_speech_prob":0.2907097041606903}],"usage":{"type":"duration","seconds":66}}